referenceDesignator,positionName
CE02SHBP-LJ01D,LJ01D
CE02SHBP-LJ01D-05-ADCPTB104,LJ01D
CE02SHBP-LJ01D-06-CTDBPN106,LJ01D
CE02SHBP-LJ01D-06-DOSTAD106,LJ01D
CE02SHBP-LJ01D-07-VEL3DC108,LJ01D
CE02SHBP-LJ01D-08-OPTAAD106,LJ01D
CE02SHBP-LJ01D-09-PCO2WB103,LJ01D
CE02SHBP-LJ01D-10-PHSEND103,LJ01D
CE02SHBP-LJ01D-11-HYDBBA106,HYDBBA106
CE02SHBP-MJ01C,MJ01C
CE02SHBP-MJ01C-07-ZPLSCB101,ZPLSCB101
CE02SHBP-MJ01C-08-CAMDSB107,CAMDSB107
CE02SHBP-PN01D,PN1D
CE04OSBP-LJ01C,LJ01C
CE04OSBP-LJ01C-05-ADCPSI103,LJ01C
CE04OSBP-LJ01C-06-CTDBPO108,LJ01C
CE04OSBP-LJ01C-06-DOSTAD108,LJ01C
CE04OSBP-LJ01C-07-VEL3DC107,LJ01C
CE04OSBP-LJ01C-08-OPTAAC104,LJ01C
CE04OSBP-LJ01C-09-PCO2WB104,LJ01C
CE04OSBP-LJ01C-10-PHSEND107,LJ01C
CE04OSBP-LJ01C-11-HYDBBA105,HYDBBA105
CE04OSBP-LJ01C-11-HYDBBA110,HYDBBA105
CE04OSBP-LV01C,LV01C
CE04OSBP-LV01C-06-CAMDSB106,CAMDSB106
CE04OSBP-PN01C,PN1C
CE04OSPD-DP01B,PD01B
CE04OSPD-DP01B-00-ENG000000,PD01B
CE04OSPD-DP01B-01-CTDPFL105,PD01B
CE04OSPD-DP01B-01-ENG000000,PD01B
CE04OSPD-DP01B-02-VEL3DA105,PD01B
CE04OSPD-DP01B-03-FLCDRA103,PD01B
CE04OSPD-DP01B-04-FLNTUA103,PD01B
CE04OSPD-DP01B-06-DOSTAD105,PD01B
CE04OSPD-PD01B,PD01B
CE04OSPS-PC01B,VM01B
CE04OSPS-PC01B-05-ZPLSCB102,VM01B
CE04OSPS-PC01B-4A-CTDPFA109,VM01B
CE04OSPS-PC01B-4A-DOSTAD109,VM01B
CE04OSPS-PC01B-4B-PHSENA106,VM01B
CE04OSPS-PC01B-4D-PCO2WA105,VM01B
CE04OSPS-SC01B,VM01B
CE04OSPS-SF01B,VM01B
CE04OSPS-SF01B-2A-CTDPFA107,VM01B
CE04OSPS-SF01B-2A-DOFSTA107,VM01B
CE04OSPS-SF01B-2B-PHSENA108,VM01B
CE04OSPS-SF01B-3A-FLORTD104,VM01B
CE04OSPS-SF01B-3B-OPTAAD105,VM01B
CE04OSPS-SF01B-3C-PARADA102,VM01B
CE04OSPS-SF01B-3D-SPKIRA102,VM01B
CE04OSPS-SF01B-4A-NUTNRA102,VM01B
CE04OSPS-SF01B-4B-VELPTD106,VM01B
CE04OSPS-SF01B-4F-PCO2WA102,VM01B
RS01SBPD-DP01A,PD01A
RS01SBPD-DP01A-00-ENG000000,PD01A
RS01SBPD-DP01A-01-CTDPFL104,PD01A
RS01SBPD-DP01A-01-ENG000000,PD01A
RS01SBPD-DP01A-02-VEL3DA103,PD01A
RS01SBPD-DP01A-03-FLCDRA102,PD01A
RS01SBPD-DP01A-04-FLNTUA102,PD01A
RS01SBPD-DP01A-05-OPTAAC102,PD01A
RS01SBPD-DP01A-06-DOSTAD104,PD01A
RS01SBPD-PD01A,PD01A
RS01SBPS-LV01A,LV01A
RS01SBPS-PC01A,VM01A
RS01SBPS-PC01A-05-ADCPTD102,VM01A
RS01SBPS-PC01A-06-VADCPA101,VM01A
RS01SBPS-PC01A-06-VADCPB101,VM01A
RS01SBPS-PC01A-07-CAMDSC102,VM01A
RS01SBPS-PC01A-08-HYDBBA103,VM01A
RS01SBPS-PC01A-4A-CTDPFA103,VM01A
RS01SBPS-PC01A-4A-DOSTAD103,VM01A
RS01SBPS-PC01A-4B-PHSENA102,VM01A
RS01SBPS-PC01A-4C-FLORDD103,VM01A
RS01SBPS-SC01A,VM01A
RS01SBPS-SF01A,VM01A
RS01SBPS-SF01A-2A-CTDPFA102,VM01A
RS01SBPS-SF01A-2A-DOFSTA102,VM01A
RS01SBPS-SF01A-2D-PHSENA101,VM01A
RS01SBPS-SF01A-3A-FLORTD101,VM01A
RS01SBPS-SF01A-3B-OPTAAD101,VM01A
RS01SBPS-SF01A-3C-PARADA101,VM01A
RS01SBPS-SF01A-3D-SPKIRA101,VM01A
RS01SBPS-SF01A-4A-NUTNRA101,VM01A
RS01SBPS-SF01A-4B-VELPTD102,VM01A
RS01SBPS-SF01A-4F-PCO2WA101,VM01A
RS01SLBS-LJ01A,LJ01A
RS01SLBS-LJ01A-05-HPIESA101,HPIESA101
RS01SLBS-LJ01A-09-HYDBBA102,HYDBBA102
RS01SLBS-LJ01A-10-ADCPTE101,LJ01A
RS01SLBS-LJ01A-11-OPTAAC103,CTDPFB101_DOSTAD101_OPTAAC103
RS01SLBS-LJ01A-12-CTDPFB101,CTDPFB101_DOSTAD101_OPTAAC103
RS01SLBS-LJ01A-12-DOSTAD101,CTDPFB101_DOSTAD101_OPTAAC103
RS01SLBS-MJ01A,MJ01A
RS01SLBS-MJ01A-05-HYDLFA101,HYDLFA101
RS01SLBS-MJ01A-05-OBSBBA102,OBSBBA102
RS01SLBS-MJ01A-06-PRESTA101,PRESTA101
RS01SLBS-MJ01A-12-VEL3DB101,VEL3DB101
RS01SLBS-PN01A,PN1A
RS01SUM1-LJ01B,LJ01B
RS01SUM1-LJ01B-05-HYDLFA104,HYDLFA104
RS01SUM1-LJ01B-05-OBSBBA101,OBSBBA101
RS01SUM1-LJ01B-06-OBSSPA103,OBSSPA103
RS01SUM1-LJ01B-07-OBSSPA102,OBSSPA102
RS01SUM1-LJ01B-08-OBSSPA101,OBSSPA101
RS01SUM1-LJ01B-09-PRESTB102,PRESTB102
RS01SUM1-LJ01B-12-VEL3DB104,VEL3DB104
RS01SUM1-LV01B,LV01B
RS01SUM1-PN01B,PN1B
RS01SUM2-MJ01B,MJ01B
RS01SUM2-MJ01B-00-FLOBNC101,FLOBNC101
RS01SUM2-MJ01B-00-FLOBNM101,FLOBNM101
RS01SUM2-MJ01B-00-OSMOIA101,OSMOIA101_intake
RS01SUM2-MJ01B-05-CAMDSB103,CAMDSB103
RS01SUM2-MJ01B-06-MASSPA101,MASSPA101_intake
RS01SUM2-MJ01B-08-OVRSRA101,OVRSRA101
RS01SUM2-MJ01B-09-CAMPIA101,CAMPIA101
RS01SUM2-MJ01B-10-QNTSRA101,QNTSRA101
RS01SUM2-MJ01B-11-CTDPFA110,CTDPFA110
RS01SUM2-MJ01B-12-ADCPSK101,MJ01B
RS03ASHS-MJ03B,MJ03B
RS03ASHS-MJ03B-00-OSMOIA301,OSMOIA301_intake
RS03ASHS-MJ03B-05-OBSSPA302,OBSSPA302
RS03ASHS-MJ03B-06-OBSSPA301,OBSSPA301
RS03ASHS-MJ03B-07-TMPSFA301,TMPSFA301
RS03ASHS-MJ03B-09-BOTPTA304,BOTPTA304
RS03ASHS-MJ03B-10-CTDPFB304,CTDPFB304
RS03ASHS-MJ03B-12-COVISA301,COVISA301
RS03ASHS-PN03B-06-CAMHDA301,CAMHDA301
RS03AXBS-LJ03A,LJ03A
RS03AXBS-LJ03A-05-HPIESA301,HPIESA301
RS03AXBS-LJ03A-09-HYDBBA302,HYDBBA302
RS03AXBS-LJ03A-10-ADCPTE303,LJ03A
RS03AXBS-LJ03A-11-OPTAAC303,CTDPFB301_DOSTAD301_OPTAAC303
RS03AXBS-LJ03A-12-CTDPFB301,CTDPFB301_DOSTAD301_OPTAAC303
RS03AXBS-LJ03A-12-DOSTAD301,CTDPFB301_DOSTAD301_OPTAAC303
RS03AXBS-MJ03A,MJ03A
RS03AXBS-MJ03A-05-HYDLFA301,HYDLFA301
RS03AXBS-MJ03A-05-OBSBBA303,OBSBBA303
RS03AXBS-MJ03A-06-PRESTA301,PRESTA301
RS03AXBS-MJ03A-12-VEL3DB301,VEL3DB301
RS03AXBS-PN03A,PN3A
RS03AXPD-DP03A,PD03A
RS03AXPD-DP03A-00-ENG000000,PD03A
RS03AXPD-DP03A-01-CTDPFL304,PD03A
RS03AXPD-DP03A-01-ENG000000,PD03A
RS03AXPD-DP03A-02-VEL3DA303,PD03A
RS03AXPD-DP03A-03-FLCDRA302,PD03A
RS03AXPD-DP03A-03-FLNTUA302,PD03A
RS03AXPD-DP03A-06-DOSTAD304,PD03A
RS03AXPD-PD03A,PD03A
RS03AXPS-LV03A,LV03A
RS03AXPS-PC03A,VM03A
RS03AXPS-PC03A-05-ADCPTD302,VM03A
RS03AXPS-PC03A-06-VADCPA301,VM03A
RS03AXPS-PC03A-06-VADCPB301,VM03A
RS03AXPS-PC03A-07-CAMDSC302,VM03A
RS03AXPS-PC03A-08-HYDBBA303,VM03A
RS03AXPS-PC03A-4A-CTDPFA303,VM03A
RS03AXPS-PC03A-4A-DOSTAD303,VM03A
RS03AXPS-PC03A-4B-PHSENA302,VM03A
RS03AXPS-PC03A-4C-FLORDD303,VM03A
RS03AXPS-SC03A,VM03A
RS03AXPS-SF03A,VM03A
RS03AXPS-SF03A-2A-CTDPFA302,VM03A
RS03AXPS-SF03A-2A-DOFSTA302,VM03A
RS03AXPS-SF03A-2D-PHSENA301,VM03A
RS03AXPS-SF03A-3A-FLORTD301,VM03A
RS03AXPS-SF03A-3B-OPTAAD301,VM03A
RS03AXPS-SF03A-3C-PARADA301,VM03A
RS03AXPS-SF03A-3D-SPKIRA301,VM03A
RS03AXPS-SF03A-4A-NUTNRA301,VM03A
RS03AXPS-SF03A-4B-VELPTD302,VM03A
RS03AXPS-SF03A-4F-PCO2WA301,VM03A
RS03AXSM-PN03B,PN3B
RS03CCAL-MJ03F,MJ03F
RS03CCAL-MJ03F-05-BOTPTA301,BOTPTA301
RS03CCAL-MJ03F-06-HYDLFA305,HYDLFA305
RS03CCAL-MJ03F-06-OBSBBA301,OBSBBA301
RS03CCAL-MJ03F-07-A0ABPA301,AOABPA301
RS03CCAL-MJ03F-08-FETCHA301,FETCHA301
RS03CCAL-MJ03F-08-SCTAAA301,SCTAAA301
RS03CCAL-MJ03F-09-SCPRAA301,SCPRAA301
RS03CCAL-MJ03F-11-PADCPA301,MJ03F
RS03CCAL-MJ03F-12-CTDPFB305,CTDPFB305
RS03ECAL-MJ03E,MJ03E
RS03ECAL-MJ03E-05-OBSSPA303,OBSSPA303
RS03ECAL-MJ03E-06-BOTPTA302,BOTPTA302
RS03ECAL-MJ03E-08-OBSSPA304,OBSSPA304
RS03ECAL-MJ03E-09-HYDLFA304,HYDLFA304
RS03ECAL-MJ03E-09-OBSBBA302,OBSBBA302
RS03ECAL-MJ03E-12-CTDPFB306,CTDPFB306
RS03INT1-MJ03C,MJ03C
RS03INT1-MJ03C-05-CAMDSB303,CAMDSB303
RS03INT1-MJ03C-06-MASSPA301,VentCap
RS03INT1-MJ03C-07-D1000A301,VentCap
RS03INT1-MJ03C-07-PPSDNA301,VentCap
RS03INT1-MJ03C-07-RASFLA301,VentCap
RS03INT1-MJ03C-09-THSPHA301,THSPHA301_probe
RS03INT1-MJ03C-09-TRHPHA302,TRHPHA302_probe
RS03INT1-MJ03C-10-TRHPHA301,TRHPHA301_probe
RS03INT2-MJ03D,MJ03D
RS03INT2-MJ03D-05-OBSSPA305,OBSSPA305
RS03INT2-MJ03D-06-BOTPTA303,BOTPTA303
RS03INT2-MJ03D-11-CTDPFB307,CTDPFB307
RS03INT2-MJ03D-12-VEL3DB304,VEL3DB304
RS05MDPL-PN05A,PN5A